Code,Name,Rem,Last Done,LACP,Chg,% Chg,Vol ('00),Buy Vol ('00),Buy,Sell,Sell Vol ('00),High,Low
12,3A,s,0.85,0.86,-0.01,-1.16,350,520,0.85,0.86,243,0.85,0.85
7054,AASIA,s,-,0.145,-,-,-,"1,035",0.145,0.155,410,-,-
5238,AAX,s,0.26,0.29,-0.03,-10.35,"415,018","112,280",0.26,0.265,"23,061",0.27,0.26
7086,ABLEGRP,s,0.075,0.08,-0.005,-6.25,"5,762","11,460",0.07,0.075,"1,842",0.08,0.075
2488,ABMB,s,4.24,4.25,-0.01,-0.23,"1,456",130,4.23,4.24,57,4.24,4.22
7131,ACME,s,-,0.23,-,-,-,150,0.23,0.3,47,-,-
7120,ACOSTEC,s,0.415,0.42,-0.005,-1.19,345,250,0.415,0.42,505,0.42,0.415
5281,ADVCON,s,0.35,0.355,-0.005,-1.41,"4,850","2,097",0.345,0.35,199,0.355,0.35
7191,ADVENTA,s,0.36,0.36,-,-,187,300,0.355,0.365,163,0.37,0.36
9148,ADVPKG,s,-,1.93,-,-,-,30,1.93,-,-,-,-
7146,AEM,s,0.12,0.12,-,-,"1,000","3,395",0.115,0.12,480,0.12,0.12
6599,AEON,s,1.57,1.54,0.03,1.95,"19,404","1,499",1.57,1.58,"3,042",1.58,1.53
5139,AEONCR,s,16.96,16.94,0.02,0.12,567,12,16.94,16.96,10,17.14,16.9
5185,AFFIN,s,2.3,2.3,-,-,131,20,2.3,2.31,88,2.31,2.3
5198,AFUJIYA,s,0.535,0.51,0.025,4.9,270,200,0.51,0.53,400,0.535,0.52
7315,AHB,s,0.14,0.14,-,-,"1,460","8,266",0.135,0.14,"1,140",0.14,0.14
7090,AHEALTH,s,-,8.6,-,-,-,200,8.6,8.7,13,-,-
4952,AHP,s,-,0.755,-,-,-,50,0.74,0.79,107,-,-
5099,AIRASIA,s,3.13,3.29,-0.16,-4.86,"96,823","2,170",3.13,3.14,"1,417",3.23,3.13
5014,AIRPORT,s,8.16,8.15,0.01,0.12,834,67,8.14,8.17,26,8.21,8.13
2682,AISB,s,-,0.265,-,-,-,156,0.26,0.295,227,-,-
2658,AJI,s,18.8,18.94,-0.14,-0.74,94,2,18.78,18.8,77,18.9,18.76
7609,AJIYA,s,0.565,0.54,0.025,4.63,20,350,0.54,0.56,609,0.565,0.565
5115,ALAM,s,0.1,0.1,-,-,"3,745","36,419",0.1,0.105,"14,464",0.105,0.1
5116,ALAQAR,s,1.33,1.33,-,-,"2,500",531,1.33,1.34,200,1.33,1.33
2674,ALCOM,s,0.495,0.52,-0.025,-4.81,80,20,0.495,0.52,"1,061",0.495,0.495
1163,ALLIANZ,s,14.6,14,0.6,4.29,658,29,14.5,14.6,37,14.76,14.12
5269,ALSREIT,s,0.8,0.8,-,-,19,273,0.8,0.805,1,0.81,0.8
1015,AMBANK,s,4.58,4.55,0.03,0.66,"2,277",32,4.57,4.58,"1,208",4.59,4.55
159,AMEDIA,s,0.16,0.16,-,-,"2,965","2,500",0.155,0.16,35,0.16,0.16
5120,AMFIRST,s,0.53,0.535,-0.005,-0.94,352,93,0.53,0.535,280,0.53,0.525
1007,AMPROP,s,0.525,0.52,0.005,0.96,949,671,0.52,0.525,111,0.525,0.52
7051,AMTEK,s,-,0.28,-,-,-,200,0.255,0.28,200,-,-
7031,AMTEL,s,-,0.655,-,-,-,200,0.655,0.795,3,-,-
5959,AMVERTON,s,-,1,-,-,-,50,0.98,1.1,150,-,-
6351,AMWAY,s,6,6,-,-,20,1,6,6.1,110,6,6
7083,ANALABS,s,-,1.24,-,-,-,70,1.18,1.24,20,-,-
4758,ANCOM,s,0.505,0.505,-,-,"1,144",554,0.495,0.505,50,0.505,0.495
6556,ANNJOO,s,1.45,1.44,0.01,0.69,"4,616",50,1.44,1.45,638,1.45,1.43
9342,ANZO,s,-,0.035,-,-,-,"211,141",0.035,0.04,"2,980",-,-
5568,APB,s,-,0.785,-,-,-,51,0.71,0.79,70,-,-
5088,APEX,s,1,1,-,-,50,100,0.995,1.01,140,1,1
5194,APFT,s,0.02,0.025,-0.005,-20,"16,000","299,875",0.015,0.02,"6,500",0.02,0.02
5015,APM,s,2.93,3,-0.07,-2.33,16,22,2.93,3.1,87,2.93,2.93
6432,APOLLO,s,3.89,3.87,0.02,0.52,11,10,3.9,3.94,40,3.89,3.89
7214,ARANK,s,-,0.55,-,-,-,660,0.53,0.55,85,-,-
7007,ARK,s,-,0.45,-,-,-,100,0.38,0.48,150,-,-
5210,ARMADA,s,0.2,0.205,-0.005,-2.44,"156,405","292,185",0.2,0.205,"254,521",0.205,0.2
5127,ARREIT,s,0.845,0.84,0.005,0.59,180,337,0.84,0.845,3,0.845,0.84
1481,ASB,s,0.135,0.13,0.005,3.85,"19,996","17,640",0.13,0.135,"1,276",0.14,0.135
7722,ASIABRN,s,-,0.39,-,-,-,100,0.375,0.39,414,-,-
7129,ASIAFLE,s,2.61,2.61,-,-,190,70,2.59,2.61,57,2.61,2.58
4057,ASIAPAC,s,0.12,0.12,-,-,200,"11,090",0.12,0.125,"4,286",0.12,0.12
7162,ASTINO,s,0.7,0.705,-0.005,-0.71,20,140,0.685,0.71,100,0.7,0.7
6399,ASTRO,s,1.64,1.66,-0.02,-1.21,"11,277","2,269",1.64,1.65,659,1.68,1.64
8176,ATAIMS,s,1.8,1.8,-,-,"4,593","1,390",1.8,1.81,"1,178",1.8,1.79
7048,ATLAN,s,-,4.4,-,-,-,7,4.35,4.4,65,-,-
5130,ATRIUM,s,1.12,1.12,-,-,350,210,1.12,1.13,649,1.12,1.12
7099,ATTA,s,0.74,0.68,0.06,8.82,"2,398",50,0.715,0.74,298,0.75,0.705
7181,ATURMJU,s,0.305,0.325,-0.02,-6.15,"7,494",25,0.305,0.31,51,0.31,0.29
8885,AVI,s,0.235,0.245,-0.01,-4.08,462,558,0.235,0.24,262,0.24,0.235
7579,AWC,s,0.735,0.74,-0.005,-0.68,"17,072","1,126",0.73,0.735,"1,509",0.755,0.73
6888,AXIATA,s,4.29,4.3,-0.01,-0.23,"20,155",40,4.28,4.29,"1,330",4.3,4.23
5106,AXREIT,s,1.73,1.69,0.04,2.37,"15,521",156,1.72,1.73,161,1.74,1.69
2305,AYER,s,-,4.2,-,-,-,3,4.2,5.3,8,-,-
5021,AYS,s,0.35,0.355,-0.005,-1.41,251,834,0.345,0.35,126,0.35,0.35
7078,AZRB,s,0.41,0.425,-0.015,-3.53,"24,053","5,685",0.405,0.41,"1,971",0.42,0.4
7251,BARAKAH,s,0.105,0.12,-0.015,-12.5,"184,420","84,720",0.105,0.11,"83,768",0.12,0.105
4162,BAT,s,36.6,37.3,-0.7,-1.88,392,2,36.58,36.68,8,37.68,36.56
5248,BAUTO,s,2.22,2.22,-,-,"10,743",943,2.21,2.22,"1,316",2.25,2.21
6602,BCB,s,0.285,0.295,-0.01,-3.39,120,153,0.285,0.295,10,0.285,0.285
6173,BDB,s,0.36,0.355,0.005,1.41,300,200,0.355,0.37,50,0.365,0.36
5190,BENALEC,s,0.21,0.215,-0.005,-2.33,"7,452","3,894",0.21,0.22,"3,577",0.22,0.21
9814,BERTAM,s,-,0.26,-,-,-,"1,000",0.26,0.295,"1,100",-,-
8133,BHIC,s,-,1.28,-,-,-,260,1.28,1.31,230,-,-
7005,BIG,s,0.34,0.35,-0.01,-2.86,200,100,0.335,0.35,128,0.35,0.34
5258,BIMB,s,4.3,4.3,-,-,294,100,4.27,4.3,418,4.3,4.26
6998,BINTAI,s,0.145,0.145,-,-,"3,410","2,000",0.14,0.145,"1,790",0.145,0.14
7243,BIOOSMO,s,0.06,0.065,-0.005,-7.69,"92,463","77,289",0.055,0.06,"48,489",0.06,0.06
5032,BIPORT,s,4.41,4.4,0.01,0.23,243,40,4.41,5.03,1,4.41,4.41
3239,BJASSET,s,0.31,0.3,0.01,3.33,940,100,0.305,0.31,"1,511",0.31,0.3
3395,BJCORP,s,0.28,0.285,-0.005,-1.75,"52,747","116,651",0.28,0.285,"66,389",0.285,0.28
5196,BJFOOD,s,1.46,1.47,-0.01,-0.68,130,10,1.45,1.47,70,1.47,1.46
4219,BJLAND,s,0.275,0.275,-,-,"11,469","4,069",0.275,0.28,"14,454",0.275,0.27
6025,BJMEDIA,s,-,0.195,-,-,-,15,0.175,0.195,9,-,-
1562,BJTOTO,s,2.34,2.35,-0.01,-0.43,"1,530",709,2.33,2.34,581,2.35,2.33
1899,BKAWAN,s,17.2,17.3,-0.1,-0.58,152,20,17.2,17.34,43,17.38,17.2
5069,BLDPLNT,s,-,7.1,-,-,-,15,6.96,7.1,19,-,-
168,BOILERM,s,0.59,0.59,-,-,170,43,0.58,0.585,30,0.59,0.59
9288,BONIA,s,0.255,0.255,-,-,62,238,0.255,0.26,"1,690",0.255,0.255
7036,BORNOIL,s,0.04,0.045,-0.005,-11.11,"30,360","841,868",0.04,0.045,"215,180",0.045,0.04
6297,BOXPAK,s,-,1.27,-,-,-,50,1.13,1.26,6,-,-
5254,BPLANT,s,0.98,0.995,-0.015,-1.51,"1,779",39,0.98,0.985,261,1,0.98
5100,BPPLAS,s,1.04,1.06,-0.02,-1.89,100,10,1.04,1.06,120,1.04,1.04
5932,BPURI,s,0.195,0.2,-0.005,-2.5,"28,140","32,983",0.195,0.2,"50,099",0.2,0.195
9474,BRAHIMS,s,0.235,0.235,-,-,959,541,0.235,0.24,"1,472",0.235,0.235
8761,BREM,s,0.755,0.755,-,-,300,"1,100",0.75,0.755,250,0.755,0.755
9938,BRIGHT,s,0.18,0.185,-0.005,-2.7,100,490,0.18,0.19,"1,078",0.18,0.18
7221,BSLCORP,s,-,0.41,-,-,-,50,0.375,0.395,1,-,-
2771,BSTEAD,s,1.52,1.56,-0.04,-2.56,"1,154",178,1.52,1.53,96,1.56,1.52
7188,BTM,s,0.135,0.145,-0.01,-6.9,"4,131",800,0.13,0.14,565,0.145,0.135
1818,BURSA,s,7.19,7.18,0.01,0.14,"10,816",170,7.19,7.2,25,7.22,7.17
7174,CAB,s,0.655,0.665,-0.01,-1.5,"4,624",952,0.655,0.66,"1,699",0.665,0.65
7154,CAELY,s,0.92,0.975,-0.055,-5.64,"1,690",2,0.92,0.95,73,0.99,0.92
7128,CAMRES,s,-,0.25,-,-,-,50,0.245,0.27,100,-,-
5105,CANONE,s,2.7,2.7,-,-,570,27,2.7,2.71,93,2.71,2.69
5229,CAP,Ss,-,0.01,-,-,-,-,-,-,-,-,-
5257,CARIMIN,s,0.79,0.845,-0.055,-6.51,"49,305","6,365",0.79,0.795,430,0.835,0.785
5245,CARING,s,1.96,1.98,-0.02,-1.01,79,11,1.96,1.97,60,1.98,1.95
2836,CARLSBG,s,24.7,24.92,-0.22,-0.88,"2,104",11,24.58,24.7,1,25,24
7076,CBIP,s,1.09,1.09,-,-,981,57,1.09,1.1,522,1.09,1.08
2925,CCB,s,-,1.57,-,-,-,50,1.53,1.57,82,-,-
7035,CCK,s,0.645,0.635,0.01,1.57,"27,429","1,720",0.64,0.645,336,0.65,0.63
2879,CCM,s,1.88,1.89,-0.01,-0.53,20,633,1.88,1.9,179,1.88,1.88
5195,CENSOF,s,0.165,0.16,0.005,3.12,"14,910",62,0.165,0.17,"3,445",0.165,0.16
8982,CEPAT,s,0.605,0.62,-0.015,-2.42,225,155,0.605,0.62,180,0.605,0.605
8435,CEPCO,s,-,0.63,-,-,-,100,0.65,0.93,33,-,-
8044,CFM,s,-,1.22,-,-,-,40,1.14,1.25,10,-,-
7209,CHEETAH,s,-,0.35,-,-,-,155,0.3,0.35,54,-,-
7187,CHGP,s,-,0.375,-,-,-,200,0.35,0.375,100,-,-
5738,CHHB,s,1.51,1.5,0.01,0.67,"1,650",560,1.48,1.5,70,1.51,1.5
5273,CHINHIN,s,0.755,0.765,-0.01,-1.31,"1,280",747,0.75,0.755,347,0.77,0.75
1929,CHINTEK,s,-,6.85,-,-,-,2,6.86,7,69,-,-
5007,CHINWEL,s,-,1.79,-,-,-,50,1.75,1.78,88,-,-
5797,CHOOBEE,s,1.67,1.69,-0.02,-1.18,77,30,1.68,1.7,20,1.69,1.67
7016,CHUAN,s,-,0.35,-,-,-,20,0.345,0.38,75,-,-
8052,CICB,s,-,0.48,-,-,-,102,0.46,0.52,8,-,-
2828,CIHLDG,s,-,1.61,-,-,-,50,1.53,1.75,5,-,-
1023,CIMB,s,5.8,5.84,-0.04,-0.69,"47,271","7,709",5.79,5.8,"9,533",5.88,5.79
7117,CJCEN,s,0.505,0.515,-0.01,-1.94,"5,064",823,0.5,0.505,853,0.515,0.5
5234,CLIQ,Ss,-,0.72,-,-,-,-,-,-,-,-,-
7018,CME,s,0.04,0.04,-,-,75,"1,925",0.04,0.045,"5,211",0.04,0.04
5180,CMMT,s,1.09,1.1,-0.01,-0.91,"1,197","3,036",1.09,1.1,388,1.11,1.09
2852,CMSB,s,3.03,2.99,0.04,1.34,"8,966",205,3.02,3.03,318,3.08,2.99
7986,CNASIA,s,-,0.46,-,-,-,100,0.4,0.46,54,-,-
5104,CNI,s,0.065,0.07,-0.005,-7.14,136,"1,543",0.065,0.07,"8,152",0.065,0.065
5188,CNOUHUA,s,0.05,0.05,-,-,"1,400","3,439",0.05,0.055,"10,917",0.05,0.05
5071,COASTAL,s,1.03,1.01,0.02,1.98,775,273,1.02,1.03,308,1.03,1.01
7205,COCOLND,s,2.09,2.09,-,-,80,65,2.07,2.1,184,2.09,2.09
7195,COMCORP,s,0.155,0.155,-,-,357,439,0.14,0.155,503,0.155,0.14
2127,COMFORT,s,0.87,0.87,-,-,"1,327",80,0.865,0.87,34,0.87,0.86
5136,COMPLET,s,0.81,0.81,-,-,200,30,0.8,0.81,50,0.81,0.81
5037,COMPUGT,s,0.025,0.025,-,-,"1,160","245,852",0.02,0.025,"1,140",0.025,0.025
8591,CRESBLD,s,0.98,0.99,-0.01,-1.01,220,30,0.98,0.985,450,0.985,0.98
6718,CRESNDO,s,1.24,1.32,-0.08,-6.06,50,300,1.27,1.32,20,1.25,1.24
7202,CSCENIC,s,1.11,1.12,-0.01,-0.89,98,103,1.1,1.11,199,1.12,1.11
5094,CSCSTEL,s,1.18,1.17,0.01,0.85,300,327,1.17,1.19,335,1.18,1.17
5214,CSL,Ss,-,0.01,-,-,-,-,-,-,-,-,-
51,CUSCAPI,s,0.215,0.225,-0.01,-4.44,"6,794","10,344",0.215,0.22,"2,895",0.22,0.215
5049,CVIEW,s,-,1.5,-,-,-,10,1.5,1.53,100,-,-
9423,CWG,s,-,0.45,-,-,-,100,0.45,0.48,40,-,-
7157,CYL,s,-,0.51,-,-,-,310,0.51,0.55,100,-,-
5082,CYMAO,s,-,0.36,-,-,-,100,0.33,0.36,30,-,-
5184,CYPARK,s,1.72,1.75,-0.03,-1.71,"1,646",36,1.72,1.73,465,1.75,1.72
7204,D%26O,s,0.755,0.775,-0.02,-2.58,"15,737","3,245",0.755,0.76,"2,499",0.78,0.755
8125,DAIBOCI,s,1.59,1.59,-,-,980,606,1.58,1.59,318,1.59,1.58
5355,DAIMAN,s,2.99,2.98,0.01,0.34,"2,231","10,763",2.98,2.99,"3,335",2.99,2.98
5276,DANCO,s,0.51,0.52,-0.01,-1.92,"5,969",30,0.505,0.51,711,0.52,0.5
8338,DATAPRP,s,0.23,0.235,-0.005,-2.13,"11,217","1,265",0.225,0.23,"1,617",0.235,0.23
91,DAYA,s,0.01,0.01,-,-,"51,850","972,214",0.005,0.01,"20,809",0.01,0.005
5141,DAYANG,s,0.8,0.79,0.01,1.27,"183,821","5,209",0.795,0.8,"1,468",0.82,0.785
7179,DBE,s,0.03,0.03,-,-,"24,245","7,255",0.03,0.035,"322,785",0.03,0.03
3484,DBHD,s,0.445,0.44,0.005,1.14,"11,331",20,0.445,0.45,947,0.46,0.435
7119,DEGEM,s,-,1.05,-,-,-,-,-,-,-,-,-
5132,DELEUM,s,1.16,1.16,-,-,"3,826",150,1.16,1.17,115,1.16,1.16
7212,DESTINI,s,0.23,0.24,-0.01,-4.17,"26,059",540,0.23,0.235,"3,646",0.24,0.225
7277,DIALOG,s,3.29,3.32,-0.03,-0.9,"13,803","1,404",3.29,3.3,"1,237",3.32,3.28
6947,DIGI,s,4.68,4.7,-0.02,-0.43,"22,928","1,670",4.67,4.68,562,4.7,4.63
29,DIGISTA,s,0.05,0.055,-0.005,-9.09,"2,030","1,490",0.05,0.055,"9,898",0.05,0.05
7528,DKLS,s,-,1.7,-,-,-,120,1.62,1.78,30,-,-
5908,DKSH,s,2.76,2.78,-0.02,-0.72,"1,180",30,2.74,2.76,118,2.78,2.73
3026,DLADY,s,64.36,63.78,0.58,0.91,17,2,64.2,64.34,3,64.4,63.78
4456,DNEX,s,0.33,0.325,0.005,1.54,"342,084","22,294",0.325,0.33,"4,548",0.34,0.315
7114,DNONCE,s,0.5,0.505,-0.005,-0.99,"1,050",50,0.5,0.505,850,0.505,0.5
5835,DOLMITE,s,-,0.11,-,-,-,"1,081",0.11,0.15,250,-,-
5265,DOLPHIN,s,0.145,0.145,-,-,"6,156","2,293",0.14,0.15,"2,400",0.145,0.14
7169,DOMINAN,s,-,1.26,-,-,-,251,1.24,1.26,77,-,-
7198,DPS,s,0.07,0.07,-,-,500,"21,110",0.06,0.07,"10,670",0.07,0.07
1619,DRBHCOM,s,1.87,1.88,-0.01,-0.53,"11,213",481,1.87,1.88,294,1.9,1.86
5216,DSONIC,s,0.475,0.48,-0.005,-1.04,"19,323","8,707",0.47,0.475,"4,133",0.48,0.47
7233,DUFU,s,1.82,1.86,-0.04,-2.15,"19,409",109,1.82,1.83,317,1.87,1.79
3948,DUTALND,s,0.51,0.52,-0.01,-1.92,"2,000","2,580",0.505,0.51,114,0.515,0.51
3417,E%26O,s,0.88,0.895,-0.015,-1.68,"22,267","2,457",0.88,0.885,496,0.895,0.875
2097,EASTLND,s,0.115,0.12,-0.005,-4.17,"5,540",415,0.115,0.12,"15,347",0.12,0.11
5259,EATECH,s,0.485,0.505,-0.02,-3.96,"10,036","2,310",0.485,0.49,"1,566",0.5,0.485
2143,ECM,s,-,0.325,-,-,-,152,0.27,0.32,278,-,-
3557,ECOFIRS,s,0.295,0.295,-,-,"1,950","4,300",0.295,0.3,"8,590",0.3,0.295
59,ECOHLDS,s,0.27,0.285,-0.015,-5.26,27,"1,213",0.27,0.285,40,0.27,0.27
5253,ECONBHD,s,0.52,0.535,-0.015,-2.8,"57,648","4,046",0.52,0.525,"7,908",0.535,0.515
8206,ECOWLD,s,0.96,0.965,-0.005,-0.52,"5,386",213,0.96,0.965,267,0.97,0.955
5036,EDARAN,s,0.58,0.585,-0.005,-0.85,"5,506","1,025",0.58,0.585,262,0.59,0.58
7471,EDEN,s,0.12,0.125,-0.005,-4,"12,381","25,137",0.115,0.12,"3,483",0.12,0.12
1368,EDGENTA,s,2.77,2.85,-0.08,-2.81,"1,936",91,2.76,2.77,156,2.88,2.74
64,EFFICEN,s,0.185,0.19,-0.005,-2.63,126,"1,600",0.18,0.19,439,0.2,0.185
65,EFORCE,s,0.555,0.53,0.025,4.72,"90,831",501,0.555,0.56,"7,741",0.565,0.53
8907,EG,s,0.465,0.465,-,-,"1,560","1,611",0.46,0.465,812,0.47,0.465
5081,EIG,s,-,0.66,-,-,-,105,0.585,0.65,200,-,-
5208,EITA,s,-,1.47,-,-,-,50,1.45,1.47,100,-,-
7182,EKA,s,-,0.065,-,-,-,"6,147",0.065,0.07,"1,250",-,-
8877,EKOVEST,s,0.61,0.595,0.015,2.52,"216,275","7,782",0.605,0.61,"5,633",0.63,0.595
9016,EKSONS,s,0.81,0.82,-0.01,-1.22,20,30,0.79,0.82,20,0.81,0.81
5228,ELKDESA,s,1.34,1.34,-,-,"2,772",420,1.34,1.35,430,1.35,1.33
90,ELSOFT,s,1.2,1.22,-0.02,-1.64,"20,568","1,995",1.19,1.2,403,1.25,1.19
7217,EMETALL,s,0.44,0.45,-0.01,-2.22,130,100,0.44,0.445,50,0.445,0.44
9091,EMICO,s,0.18,0.185,-0.005,-2.7,451,500,0.175,0.185,117,0.195,0.18
6076,ENCORP,s,-,0.43,-,-,-,1,0.39,0.42,30,-,-
7149,ENGKAH,s,-,1.06,-,-,-,20,1,1.06,66,-,-
5056,ENGTEX,s,0.855,0.87,-0.015,-1.72,"2,317",100,0.85,0.855,83,0.865,0.85
8613,ENRA,s,-,1.53,-,-,-,5,1.52,1.55,26,-,-
7773,EPMB,s,-,0.4,-,-,-,100,0.4,0.41,23,-,-
6815,EUPE,s,0.62,0.63,-0.01,-1.59,300,50,0.62,0.63,150,0.63,0.62
7208,EURO,s,0.145,0.145,-,-,"2,452",448,0.145,0.15,"2,151",0.145,0.145
7094,EUROSP,s,-,0.45,-,-,-,141,0.425,0.45,289,-,-
5101,EVERGRN,s,0.395,0.405,-0.01,-2.47,"9,092","1,339",0.395,0.4,"2,387",0.405,0.395
7249,EWEIN,s,0.665,0.675,-0.01,-1.48,"12,703",300,0.66,0.665,573,0.675,0.66
5283,EWINT,s,0.77,0.775,-0.005,-0.65,986,"1,166",0.765,0.77,11,0.78,0.765
3689,F%26N,s,35.72,35.48,0.24,0.68,23,3,35.72,35.96,4,35.98,35.48
2984,FACBIND,s,1.26,1.3,-0.04,-3.08,100,100,1.26,1.29,97,1.26,1.26
7047,FAJAR,s,0.405,0.415,-0.01,-2.41,"9,400",146,0.405,0.41,"1,300",0.405,0.4
5029,FAREAST,s,-,2.9,-,-,-,10,2.75,2.9,59,-,-
6041,FARLIM,s,0.36,0.375,-0.015,-4,180,108,0.36,0.37,88,0.36,0.36
7229,FAVCO,s,2.57,2.59,-0.02,-0.77,77,18,2.57,2.59,82,2.57,2.56
2755,FCW,s,-,0.73,-,-,-,84,0.73,0.78,50,-,-
5222,FGV,s,1.28,1.29,-0.01,-0.78,"87,285","5,645",1.27,1.28,"1,234",1.31,1.27
6939,FIAMMA,s,0.525,0.525,-,-,30,50,0.52,0.53,467,0.525,0.525
149,FIBON,s,-,0.49,-,-,-,100,0.45,0.5,450,-,-
8605,FIHB,s,0.365,0.36,0.005,1.39,101,24,0.345,0.365,165,0.365,0.365
3107,FIMACOR,s,-,1.88,-,-,-,150,1.82,1.89,20,-,-
9318,FITTERS,s,0.475,0.475,-,-,"9,413","5,179",0.47,0.475,"2,172",0.48,0.47
5197,FLBHD,s,1.71,1.73,-0.02,-1.16,"3,597",1,1.71,1.73,178,1.74,1.7
5277,FPGROUP,s,0.305,0.31,-0.005,-1.61,"17,356","7,073",0.3,0.305,"8,011",0.31,0.3
9172,FPI,s,1.81,2,-0.19,-9.5,"67,825",23,1.81,1.82,"1,175",1.85,1.78
7210,FREIGHT,s,0.565,0.56,0.005,0.89,170,160,0.565,0.57,300,0.565,0.56
128,FRONTKN,s,0.95,0.965,-0.015,-1.55,"42,485",723,0.945,0.95,"3,150",0.96,0.94
9377,FSBM,Ss,-,0.095,-,-,-,-,-,-,-,-,-
7184,G3,s,-,0.785,-,-,-,50,0.73,0.79,338,-,-
9261,GADANG,s,0.64,0.65,-0.01,-1.54,"16,998",509,0.64,0.645,"1,210",0.65,0.635
5398,GAMUDA,s,3.07,3.11,-0.04,-1.29,"13,106",54,3.07,3.08,255,3.1,3.02
5209,GASMSIA,s,-,2.88,-,-,-,20,2.84,2.87,92,-,-
5226,GBGAQRS,s,1.15,1.13,0.02,1.77,"45,809",880,1.15,1.16,"3,508",1.18,1.12
5102,GCB,s,3.82,3.7,0.12,3.24,"20,603",39,3.82,3.83,150,3.84,3.72
5592,GCE,s,-,0.43,-,-,-,50,0.43,0.475,70,-,-
78,GDEX,s,0.305,0.31,-0.005,-1.61,"16,950","7,159",0.3,0.305,"2,592",0.315,0.3
4715,GENM,s,3.49,3.55,-0.06,-1.69,"29,746","3,661",3.48,3.49,"2,396",3.54,3.48
2291,GENP,s,-,10.7,-,-,-,240,10.48,10.62,81,-,-
3182,GENTING,s,7.43,7.6,-0.17,-2.24,"15,054",311,7.43,7.44,311,7.62,7.43
7197,GESHEN,s,-,0.72,-,-,-,60,0.71,0.745,20,-,-
5079,GETS,s,0.12,0.12,-,-,"1,000",43,0.12,0.125,243,0.12,0.12
21,GHLSYS,s,1.7,1.7,-,-,250,100,1.69,1.7,140,1.7,1.65
3204,GKENT,s,1.17,1.18,-0.01,-0.85,"25,799","4,392",1.16,1.17,"1,986",1.2,1.16
7382,GLBHD,s,-,0.38,-,-,-,100,0.375,0.43,220,-,-
5020,GLOMAC,s,0.38,0.38,-,-,700,500,0.38,0.385,"3,147",0.38,0.38
5220,GLOTEC,s,0.48,0.485,-0.005,-1.03,"1,541",803,0.48,0.485,"1,200",0.49,0.48
9962,GMUTUAL,s,-,0.295,-,-,-,50,0.275,0.295,236,-,-
1147,GOB,s,0.185,0.185,-,-,"2,172","4,030",0.18,0.185,25,0.185,0.185
7192,GOODWAY,s,-,0.22,-,-,-,"2,503",0.215,0.22,"3,530",-,-
2135,GOPENG,s,-,0.69,-,-,-,122,0.69,0.74,40,-,-
7096,GPA,s,-,0.085,-,-,-,"2,000",0.085,0.09,100,-,-
82,GPACKET,s,0.365,0.37,-0.005,-1.35,"2,866",638,0.365,0.37,643,0.375,0.365
5649,GPHAROS,s,0.21,0.21,-,-,32,252,0.19,0.21,35,0.21,0.21
56,GRANFLO,s,0.21,0.21,-,-,600,"2,100",0.205,0.215,"2,137",0.21,0.21
136,GREENYB,s,0.125,0.135,-0.01,-7.41,515,"1,355",0.125,0.13,255,0.13,0.125
7077,GSB,s,0.17,0.17,-,-,"1,781","4,970",0.165,0.17,"7,512",0.17,0.17
7022,GTRONIC,s,1.95,1.97,-0.02,-1.01,"10,060",55,1.94,1.95,172,1.97,1.89
3247,GUH,s,0.5,0.52,-0.02,-3.85,7,273,0.5,0.52,278,0.5,0.5
7676,GUNUNG,s,0.33,0.335,-0.005,-1.49,150,100,0.325,0.345,100,0.33,0.33
1503,GUOCO,s,0.76,0.79,-0.03,-3.8,40,259,0.76,0.78,10,0.765,0.76
7668,HAIO,s,2.85,2.86,-0.01,-0.35,660,71,2.85,2.86,120,2.9,2.83
5151,HALEX,s,-,0.85,-,-,-,40,0.77,0.95,70,-,-
7253,HANDAL,s,-,0.35,-,-,-,210,0.34,0.35,60,-,-
3034,HAPSENG,s,9.9,9.88,0.02,0.2,16,25,9.85,9.87,57,9.9,9.89
2062,HARBOUR,s,0.71,0.7,0.01,1.43,10,100,0.685,0.71,"1,097",0.71,0.71
5008,HARISON,s,3.95,3.92,0.03,0.77,21,10,3.8,3.95,20,3.95,3.94
7501,HARNLEN,s,-,0.495,-,-,-,200,0.47,0.5,66,-,-
5168,HARTA,s,5.31,5.38,-0.07,-1.3,"25,899",249,5.3,5.31,253,5.38,5.3
5187,HBGLOB,s,-,0.08,-,-,-,"2,485",0.07,0.075,297,-,-
7105,HCK,s,1.27,1.28,-0.01,-0.78,730,55,1.25,1.27,60,1.28,1.27
3255,HEIM,s,22.88,22.86,0.02,0.09,646,10,22.86,22.88,3,22.98,22.6
5121,HEKTAR,s,1.13,1.12,0.01,0.89,727,"1,005",1.12,1.13,"2,276",1.13,1.12
4324,HENGYUAN,s,5.85,6.1,-0.25,-4.1,"16,993",13,5.85,5.86,1,6.03,5.78
5095,HEVEA,s,0.645,0.66,-0.015,-2.27,"4,730","1,238",0.645,0.65,200,0.665,0.645
3298,HEXZA,s,0.7,0.725,-0.025,-3.45,60,433,0.7,0.725,50,0.7,0.7
5072,HIAPTEK,s,0.3,0.31,-0.01,-3.23,"8,400","4,460",0.295,0.3,"2,557",0.305,0.295
5199,HIBISCS,s,1.06,1.06,-,-,"130,484","30,517",1.05,1.06,"28,048",1.07,1.04
7033,HIGHTEC,s,-,1.28,-,-,-,73,1.28,1.38,50,-,-
8443,HIL,s,0.49,0.49,-,-,25,120,0.485,0.5,30,0.49,0.49
5819,HLBANK,s,21.2,21.38,-0.18,-0.84,228,92,21.2,21.22,11,21.4,21.12
5274,HLCAP,Ss,-,9.6,-,-,-,-,-,-,-,-,-
1082,HLFG,s,19.86,20.12,-0.26,-1.29,249,14,19.86,19.88,11,20.12,19.86
3301,HLIND,s,9.59,9.64,-0.05,-0.52,232,4,9.59,9.6,143,9.8,9.56
5169,HOHUP,s,0.395,0.375,0.02,5.33,"12,055",163,0.395,0.4,464,0.415,0.38
5165,HOKHENG,s,0.53,0.53,-,-,380,100,0.5,0.53,10,0.53,0.53
5160,HOMERIZ,s,0.635,0.635,-,-,243,570,0.63,0.635,208,0.635,0.635
7010,HOOVER,s,-,0.615,-,-,-,50,0.61,0.645,50,-,-
6238,HSL,s,1.5,1.52,-0.02,-1.32,577,116,1.45,1.5,81,1.57,1.5
5138,HSPLANT,s,1.92,1.92,-,-,248,65,1.92,1.94,128,1.92,1.92
185,HSSEB,s,1,1,-,-,"34,201",994,0.995,1,"2,956",1,0.905
5028,HTPADU,s,0.8,0.815,-0.015,-1.84,"8,743",215,0.8,0.805,157,0.83,0.8
2739,HUAAN,s,0.205,0.205,-,-,"20,881","47,340",0.2,0.205,"24,892",0.21,0.2
5062,HUAYANG,s,0.415,0.43,-0.015,-3.49,"3,399",71,0.415,0.42,250,0.42,0.41
7013,HUBLINE,s,0.06,0.06,-,-,"56,460","434,400",0.055,0.06,"247,980",0.06,0.055
5000,HUMEIND,s,0.57,0.57,-,-,"2,878",350,0.565,0.57,120,0.58,0.57
5024,HUPSENG,s,1.04,1.04,-,-,120,790,1.03,1.04,560,1.05,1.04
8478,HWATAI,s,-,0.33,-,-,-,100,0.31,0.34,74,-,-
9601,HWGB,s,0.105,0.11,-0.005,-4.54,"7,292","3,273",0.105,0.11,"8,906",0.11,0.105
4251,IBHD,s,0.43,0.44,-0.01,-2.27,600,225,0.425,0.435,483,0.435,0.43
5084,IBRACO,s,0.6,0.595,0.005,0.84,200,"1,245",0.595,0.61,40,0.6,0.6
5108,ICAP,s,2.41,2.43,-0.02,-0.82,20,30,2.41,2.43,100,2.41,2.41
5255,ICON,s,0.1,0.11,-0.01,-9.09,"9,959","8,660",0.1,0.105,"6,698",0.105,0.1
9687,IDEAL,s,1.34,1.27,0.07,5.51,"5,762",50,1.33,1.34,22,1.36,1.28
5606,IGBB,s,2.5,2.5,-,-,26,100,2.5,2.54,10,2.5,2.5
5227,IGBREIT,s,1.78,1.78,-,-,897,"1,944",1.77,1.78,"1,822",1.8,1.77
5225,IHH,s,5.72,5.79,-0.07,-1.21,"21,963",725,5.71,5.73,115,5.75,5.69
3336,IJM,s,1.92,1.99,-0.07,-3.52,"10,136",793,1.92,1.93,72,1.98,1.9
2216,IJMPLNT,s,1.8,1.8,-,-,250,35,1.8,1.82,2,1.8,1.8
5268,IKHMAS,s,0.18,0.18,-,-,"32,361","5,765",0.175,0.18,"12,498",0.185,0.17
5614,ILB,s,0.45,0.445,0.005,1.12,259,97,0.445,0.45,200,0.45,0.445
7222,IMASPRO,s,2.22,2.24,-0.02,-0.89,"2,940",533,2.15,2.24,"1,244",2.23,2.22
166,INARI,s,1.54,1.61,-0.07,-4.35,"111,335","5,764",1.53,1.54,"2,414",1.61,1.53
2607,INCKEN,s,0.625,0.63,-0.005,-0.79,170,"1,750",0.62,0.625,330,0.625,0.625
6262,INNO,s,0.76,0.76,-,-,200,30,0.75,0.78,40,0.76,0.76
3379,INSAS,s,0.825,0.85,-0.025,-2.94,"12,935",381,0.82,0.825,14,0.84,0.81
192,INTA,s,0.295,0.285,0.01,3.51,"4,417",657,0.29,0.295,"2,115",0.295,0.285
1961,IOICORP,s,4.55,4.58,-0.03,-0.66,"1,266","1,143",4.55,4.56,229,4.56,4.52
5249,IOIPG,s,1.61,1.67,-0.06,-3.59,47,1,1.61,1.63,11,1.66,1.6
5673,IPMUDA,s,-,0.51,-,-,-,90,0.47,0.51,20,-,-
5107,IQGROUP,s,-,1.23,-,-,-,110,1.22,1.26,80,-,-
8834,IREKA,s,-,0.57,-,-,-,100,0.53,0.59,50,-,-
7183,IRETEX,s,0.125,0.125,-,-,947,"2,903",0.125,0.13,"1,207",0.125,0.125
9393,ITRONIC,s,0.1,0.1,-,-,300,400,0.095,0.105,100,0.1,0.1
5175,IVORY,s,0.225,0.225,-,-,"1,671",39,0.225,0.23,520,0.225,0.225
1589,IWCITY,s,0.65,0.59,0.06,10.17,"721,978",82,0.645,0.65,"4,219",0.67,0.585
7223,JADI,s,-,0.035,-,-,-,"110,671",0.03,0.035,280,-,-
4723,JAKS,s,0.63,0.635,-0.005,-0.79,"207,587","1,279",0.625,0.63,"1,678",0.655,0.62
8648,JASKITA,s,-,0.115,-,-,-,"18,128",0.11,0.12,"5,925",-,-
7152,JAYCORP,s,0.83,0.82,0.01,1.22,256,150,0.825,0.83,90,0.845,0.825
58,JCBNEXT,s,-,1.49,-,-,-,30,1.46,1.57,73,-,-
5161,JCY,s,0.22,0.225,-0.005,-2.22,"4,096","3,805",0.22,0.225,"1,664",0.23,0.22
8931,JERASIA,s,-,0.35,-,-,-,217,0.345,0.4,230,-,-
9083,JETSON,s,-,0.19,-,-,-,971,0.18,0.19,180,-,-
8923,JIANKUN,s,0.325,0.29,0.035,12.07,790,810,0.285,0.325,170,0.325,0.285
6769,JKGLAND,s,0.075,0.08,-0.005,-6.25,"1,240","16,640",0.075,0.08,"33,571",0.075,0.075
7043,JMR,s,1,0.995,0.005,0.5,200,80,0.96,0.995,300,1,1
3441,JOHAN,s,0.1,0.105,-0.005,-4.76,"2,211","8,540",0.095,0.1,"4,909",0.105,0.095
7167,JOHOTIN,s,1.32,1.31,0.01,0.76,"7,176","1,023",1.31,1.32,116,1.33,1.31
4383,JTIASA,s,0.635,0.65,-0.015,-2.31,"3,347","1,098",0.635,0.64,363,0.65,0.63
8672,KAMDAR,s,0.3,0.305,-0.005,-1.64,50,"2,288",0.29,0.3,150,0.3,0.3
5247,KAREX,s,0.45,0.46,-0.01,-2.17,"46,857","14,707",0.445,0.45,"2,828",0.455,0.445
54,KARYON,s,0.14,0.14,-,-,"3,663","4,742",0.135,0.14,"6,749",0.14,0.135
7216,KAWAN,s,-,1.66,-,-,-,70,1.67,1.69,150,-,-
3115,KBUNAI,s,0.09,0.095,-0.005,-5.26,370,"101,372",0.09,0.095,"27,987",0.09,0.09
7199,KEINHIN,s,-,0.63,-,-,-,20,0.505,0.625,40,-,-
7323,KEN,s,0.68,0.7,-0.02,-2.86,400,20,0.68,0.75,70,0.71,0.68
6483,KENANGA,s,0.575,0.575,-,-,227,33,0.575,0.58,593,0.575,0.575
7161,KERJAYA,s,1.31,1.35,-0.04,-2.96,"3,051",360,1.3,1.32,263,1.35,1.31
9334,KESM,s,9.62,9.56,0.06,0.63,143,2,9.5,9.62,22,9.62,9.32
143,KEYASIC,s,0.11,0.115,-0.005,-4.35,"46,403",56,0.11,0.115,"36,685",0.115,0.11
6491,KFIMA,s,1.62,1.64,-0.02,-1.22,250,20,1.62,1.64,200,1.66,1.62
8303,KFM,s,0.135,0.155,-0.02,-12.9,20,280,0.135,0.17,441,0.135,0.135
151,KGB,s,1.28,1.3,-0.02,-1.54,"8,296","1,969",1.27,1.28,"1,226",1.29,1.26
6203,KHEESAN,s,-,0.6,-,-,-,100,0.575,0.68,73,-,-
7062,KHIND,s,1.69,1.7,-0.01,-0.59,690,50,1.68,1.73,10,1.7,1.69
6211,KIALIM,s,-,0.25,-,-,-,194,0.23,0.28,100,-,-
3522,KIANJOO,s,3.03,3.03,-,-,144,"11,252",3.03,3.04,"1,794",3.04,3.03
5371,KIMHIN,s,-,1.24,-,-,-,20,1.22,1.26,170,-,-
5171,KIMLUN,s,1.25,1.27,-0.02,-1.57,985,200,1.25,1.29,99,1.26,1.24
5060,KINSTEL,Ss,-,0.005,-,-,-,-,-,-,-,-,-
5280,KIPREIT,s,0.81,0.805,0.005,0.62,331,359,0.81,0.815,610,0.81,0.81
9466,KKB,s,1.07,1.08,-0.01,-0.93,"1,833",700,1.07,1.08,185,1.11,1.07
2445,KLK,s,24.9,25,-0.1,-0.4,134,8,24.82,24.88,76,25.48,24.76
2453,KLUANG,s,3.57,3.62,-0.05,-1.38,28,2,3.58,3.68,15,3.57,3.56
5027,KMLOONG,s,1.3,1.3,-,-,20,118,1.29,1.3,130,1.3,1.3
7164,KNM,s,0.11,0.115,-0.005,-4.35,"102,854","174,849",0.105,0.11,"173,887",0.11,0.105
5035,KNUSFOR,s,0.455,0.47,-0.015,-3.19,266,146,0.455,0.47,360,0.47,0.455
6971,KOBAY,s,-,1.5,-,-,-,20,1.4,1.52,10,-,-
7017,KOMARK,s,0.175,0.185,-0.01,-5.41,"5,263",972,0.175,0.18,"1,469",0.18,0.175
7153,KOSSAN,s,4,4.05,-0.05,-1.24,"6,916",54,4,4.01,118,4.05,3.97
2,KOTRA,s,-,1.79,-,-,-,80,1.68,1.8,76,-,-
5878,KPJ,s,1.06,1.07,-0.01,-0.94,"12,091","21,989",1.06,1.07,"12,400",1.07,1.06
7130,KPOWER,s,-,0.48,-,-,-,50,0.385,0.48,500,-,-
5843,KPS,s,1.42,1.44,-0.02,-1.39,"2,229",295,1.41,1.42,240,1.45,1.42
9121,KPSCB,s,0.52,0.52,-,-,100,330,0.515,0.53,200,0.52,0.52
1996,KRETAM,s,0.405,0.41,-0.005,-1.22,950,"2,400",0.4,0.405,"1,183",0.41,0.405
3476,KSENG,s,4.97,4.92,0.05,1.02,464,20,4.96,4.98,20,5,4.92
5038,KSL,s,0.855,0.87,-0.015,-1.72,"4,103",56,0.855,0.86,187,0.865,0.855
5192,KSSC,s,0.415,0.34,0.075,22.06,"8,991",20,0.405,0.42,152,0.43,0.34
5172,KSTAR,s,0.08,0.08,-,-,130,695,0.08,0.085,225,0.08,0.08
4847,KTB,s,-,0.075,-,-,-,"2,240",0.065,0.075,"2,252",-,-
6874,KUB,s,0.425,0.435,-0.01,-2.3,"21,033",597,0.425,0.43,"4,703",0.435,0.425
2186,KUCHAI,s,1.64,1.65,-0.01,-0.61,170,210,1.64,1.65,80,1.65,1.64
6572,KWANTAS,s,-,0.91,-,-,-,100,0.85,0.92,39,-,-
8362,KYM,s,-,0.34,-,-,-,120,0.305,0.34,110,-,-
3174,L%26G,s,0.155,0.155,-,-,"12,616","16,682",0.15,0.155,"9,746",0.155,0.15
3794,LAFMSIA,s,1.85,1.87,-0.02,-1.07,"2,072",4,1.86,1.87,154,1.87,1.84
1643,LANDMRK,s,0.505,0.505,-,-,215,25,0.505,0.515,200,0.505,0.5
7006,LATITUD,s,-,3.96,-,-,-,30,3.82,3.95,46,-,-
9385,LAYHONG,s,0.485,0.49,-0.005,-1.02,"29,169","2,006",0.48,0.485,"3,770",0.49,0.475
9326,LBALUM,s,0.5,0.5,-,-,"1,260",400,0.495,0.5,390,0.5,0.48
8494,LBICAP,s,-,0.685,-,-,-,50,0.69,0.715,14,-,-
5789,LBS,s,0.69,0.695,-0.005,-0.72,595,"1,155",0.685,0.69,614,0.695,0.685
5284,LCTITAN,s,4.44,4.44,-,-,"2,106",222,4.43,4.44,5,4.48,4.43
9628,LEBTECH,s,-,0.86,-,-,-,10,0.86,1.14,2,-,-
8079,LEESK,s,0.985,0.995,-0.01,-1,530,1,0.985,0.99,40,1.01,0.985
5232,LEONFB,s,0.515,0.515,-,-,165,2,0.515,0.53,63,0.515,0.515
8745,LEWEKO,s,0.14,0.155,-0.015,-9.68,19,181,0.14,0.155,371,0.14,0.14
7170,LFECORP,s,-,0.11,-,-,-,300,0.11,0.145,850,-,-
3573,LIENHOE,s,0.275,0.28,-0.005,-1.79,275,715,0.275,0.28,283,0.28,0.275
7089,LIIHEN,s,2.87,2.83,0.04,1.41,"5,866",29,2.87,2.88,90,2.94,2.86
8486,LIONFIB,s,-,0.42,-,-,-,100,0.405,0.47,35,-,-
4235,LIONIND,s,0.555,0.58,-0.025,-4.31,"24,461","3,309",0.555,0.56,196,0.575,0.555
6645,LITRAK,s,4.45,4.6,-0.15,-3.26,79,1,4.45,4.52,112,4.6,4.45
7126,LONBISC,s,0.54,0.57,-0.03,-5.26,"34,541",45,0.54,0.545,"1,027",0.575,0.535
8621,LPI,s,16.3,16.32,-0.02,-0.12,131,2,16.3,16.32,38,16.38,16.28
9881,LSTEEL,s,0.27,0.27,-,-,71,200,0.26,0.27,152,0.27,0.27
7085,LTKM,s,1.34,1.26,0.08,6.35,569,100,1.32,1.35,16,1.34,1.26
5068,LUSTER,s,0.08,0.08,-,-,"6,977","52,653",0.08,0.085,"50,398",0.085,0.08
5143,LUXCHEM,s,0.55,0.55,-,-,"2,171",593,0.55,0.56,924,0.55,0.55
9199,LYSAGHT,s,2.62,2.74,-0.12,-4.38,10,10,2.66,2.7,20,2.62,2.62
5078,M%26G,s,0.07,0.075,-0.005,-6.67,"4,000","7,600",0.07,0.075,50,0.075,0.07
1198,MAA,s,0.595,0.6,-0.005,-0.83,179,6,0.595,0.6,96,0.6,0.595
7617,MAGNA,s,-,0.895,-,-,-,80,0.895,0.9,30,-,-
7087,MAGNI,s,4.55,4.51,0.04,0.89,991,7,4.54,4.55,40,4.62,4.54
3859,MAGNUM,s,2.31,2.32,-0.01,-0.43,"7,193",328,2.3,2.31,754,2.32,2.28
8583,MAHSING,s,1,1,-,-,"11,817",798,1,1.01,338,1.02,0.98
5264,MALAKOF,s,0.875,0.875,-,-,"25,772",409,0.875,0.88,324,0.9,0.87
4936,MALPAC,s,-,0.86,-,-,-,50,0.78,1.14,50,-,-
6181,MALTON,s,0.565,0.56,0.005,0.89,"50,954","3,021",0.565,0.57,"1,360",0.58,0.56
1058,MANULFE,s,2.5,2.38,0.12,5.04,30,50,2.51,2.72,20,2.5,2.47
3514,MARCO,s,-,0.125,-,-,-,"20,784",0.12,0.125,500,-,-
5098,MASTEEL,s,0.485,0.495,-0.01,-2.02,"11,248",449,0.48,0.485,"1,003",0.495,0.48
7029,MASTER,s,0.63,0.625,0.005,0.8,600,100,0.63,0.635,745,0.635,0.63
5236,MATRIX,s,1.95,1.97,-0.02,-1.01,"2,448",374,1.95,1.96,132,1.98,1.95
6012,MAXIS,s,5.51,5.67,-0.16,-2.82,"10,857",44,5.51,5.52,88,5.61,5.48
5189,MAXWELL,Ss,-,0.01,-,-,-,-,-,-,-,-,-
1155,MAYBANK,s,9.55,9.53,0.02,0.21,"17,937",248,9.54,9.55,357,9.57,9.52
5077,MAYBULK,s,0.595,0.605,-0.01,-1.65,"1,023",300,0.595,0.6,"1,482",0.605,0.595
5886,MBG,s,-,0.81,-,-,-,100,0.83,0.89,30,-,-
5152,MBL,s,1.04,1.05,-0.01,-0.95,222,134,1.02,1.04,98,1.05,1.04
5983,MBMR,s,2.61,2.64,-0.03,-1.14,"2,305",155,2.61,2.63,97,2.64,2.6
1171,MBSB,s,1.04,1.06,-0.02,-1.89,"21,076","12,601",1.04,1.05,"1,740",1.06,1.04
7189,MBWORLD,s,-,1.7,-,-,-,60,1.6,1.68,60,-,-
7004,MCEHLDG,s,-,0.59,-,-,-,200,0.54,0.59,99,-,-
5182,MCT,s,-,0.66,-,-,-,120,0.595,0.66,190,-,-
5040,MEDAINC,s,0.295,0.3,-0.005,-1.67,"1,750","2,300",0.29,0.295,170,0.3,0.295
4502,MEDIA,s,0.43,0.405,0.025,6.17,"55,874","1,933",0.425,0.43,884,0.44,0.41
5090,MEDIAC,s,0.25,0.265,-0.015,-5.66,"10,081","2,290",0.25,0.255,895,0.26,0.25
5129,MELATI,s,0.48,0.5,-0.02,-4,50,30,0.465,0.5,20,0.48,0.48
3778,MELEWAR,s,0.12,0.12,-,-,"1,380",8,0.12,0.125,"1,493",0.125,0.12
1694,MENANG,s,0.4,0.385,0.015,3.9,102,37,0.385,0.4,29,0.4,0.35
5223,MENTIGA,s,0.45,0.455,-0.005,-1.1,10,90,0.45,0.51,50,0.45,0.45
8192,MERCURY,s,0.88,0.88,-,-,50,30,0.87,0.94,18,0.88,0.88
5006,MERGE,s,0.88,0.88,-,-,300,10,0.88,0.885,"1,290",0.88,0.88
7234,MESB,s,-,0.27,-,-,-,"1,300",0.26,0.27,50,-,-
6149,METROD,s,1.7,1.6,0.1,6.25,10,60,1.5,1.7,1,1.7,1.7
3069,MFCB,s,3.88,3.85,0.03,0.78,152,26,3.88,3.89,108,3.89,3.85
3662,MFLOUR,s,0.6,0.605,-0.005,-0.83,"15,212",31,0.6,0.605,"2,119",0.605,0.595
7595,MGB,s,0.72,0.72,-,-,100,100,0.7,0.71,15,0.72,0.72
5186,MHB,s,0.755,0.775,-0.02,-2.58,"6,692",394,0.75,0.755,154,0.77,0.75
5026,MHC,s,0.63,0.635,-0.005,-0.79,100,149,0.63,0.65,19,0.63,0.63
5286,MI,s,2.65,2.7,-0.05,-1.85,"3,682",200,2.64,2.66,73,2.7,2.57
5001,MIECO,s,0.305,0.315,-0.01,-3.17,"6,503","1,100",0.3,0.305,569,0.32,0.305
7935,MILUX,s,-,0.68,-,-,-,30,0.68,0.72,28,-,-
5166,MINDA,s,-,0.05,-,-,-,100,0.05,0.055,"10,871",-,-
7219,MINETEC,s,0.055,0.055,-,-,"1,010","12,900",0.05,0.055,"1,790",0.055,0.05
5576,MINHO,s,0.3,0.3,-,-,552,120,0.295,0.3,259,0.3,0.295
3816,MISC,s,6.87,6.98,-0.11,-1.58,"1,018",68,6.87,6.88,136,7.02,6.87
9571,MITRA,s,0.335,0.34,-0.005,-1.47,"11,146",426,0.335,0.34,"1,350",0.345,0.335
8141,MJPERAK,s,-,0.235,-,-,-,"1,588",0.22,0.235,780,-,-
6114,MKH,s,1.23,1.25,-0.02,-1.6,"2,062",136,1.23,1.24,143,1.25,1.23
8893,MKLAND,s,0.2,0.205,-0.005,-2.44,"1,446","7,599",0.2,0.205,"2,314",0.205,0.2
2194,MMCCORP,s,1.04,1.03,0.01,0.97,"8,255","1,391",1.03,1.04,708,1.06,1.03
113,MMSV,s,0.915,0.915,-,-,"1,786",188,0.91,0.915,146,0.915,0.91
6459,MNRB,s,1.2,1.21,-0.01,-0.83,"8,805",20,1.2,1.21,453,1.22,1.19
6548,MPCORP,Ss,-,0.045,-,-,-,-,-,-,-,-,-
5237,MPHBCAP,s,1.15,1.19,-0.04,-3.36,"1,738",154,1.14,1.15,299,1.18,1.14
3867,MPI,s,10,10.22,-0.22,-2.15,"2,793",74,10,10.02,40,10.12,9.9
5123,MQREIT,s,1.08,1.09,-0.01,-0.92,478,319,1.08,1.09,268,1.09,1.08
1651,MRCB,s,0.83,0.84,-0.01,-1.19,"54,683",145,0.825,0.83,"4,764",0.835,0.82
5916,MSC,s,0.815,0.845,-0.03,-3.55,570,100,0.82,0.845,120,0.84,0.815
5202,MSM,s,2.31,2.31,-,-,268,100,2.28,2.31,269,2.31,2.26
5011,MSNIAGA,s,1.75,1.79,-0.04,-2.23,92,135,1.75,1.77,90,1.77,1.75
5150,MSPORTS,s,-,0.01,-,-,-,"6,358",0.01,0.015,"28,607",-,-
5924,MTDACPI,s,0.17,0.165,0.005,3.03,"1,952",99,0.16,0.17,105,0.175,0.17
43,MTRONIC,s,0.105,0.11,-0.005,-4.54,"26,470","11,050",0.1,0.105,"2,100",0.11,0.105
3883,MUDA,s,2.14,2.19,-0.05,-2.28,"8,736",134,2.14,2.15,100,2.2,2.12
5085,MUDAJYA,s,0.345,0.35,-0.005,-1.43,"1,791",34,0.345,0.35,"1,207",0.355,0.345
9539,MUH,s,0.42,0.45,-0.03,-6.67,100,50,0.405,0.45,200,0.42,0.42
5703,MUHIBAH,s,3.01,3,0.01,0.33,"1,329",4,3.01,3.02,529,3.02,2.99
3891,MUIIND,s,0.185,0.185,-,-,"2,413","6,602",0.185,0.19,"8,835",0.185,0.185
3913,MUIPROP,s,0.19,0.195,-0.005,-2.56,"5,570","3,871",0.19,0.195,"11,569",0.195,0.19
3905,MULPHA,s,2.03,2.03,-,-,105,95,2.03,2.06,139,2.04,2.02
5087,MYCRON,s,-,0.27,-,-,-,100,0.255,0.275,500,-,-
138,MYEG,s,1.04,1.05,-0.01,-0.95,"47,742","31,434",1.03,1.04,"23,730",1.05,1.03
5275,MYNEWS,s,1.36,1.39,-0.03,-2.16,10,270,1.36,1.39,100,1.36,1.36
5073,NAIM,s,0.725,0.74,-0.015,-2.03,"11,736",904,0.725,0.73,250,0.745,0.72
9806,NATWIDE,s,-,0.3,-,-,-,100,0.25,0.3,24,-,-
4707,NESTLE,s,-,150.4,-,-,-,11,149.5,150.3,18,-,-
7241,NGGB,s,0.49,0.485,0.005,1.03,"7,100",720,0.485,0.49,568,0.495,0.485
7060,NHFATT,s,-,2.85,-,-,-,3,2.7,2.85,3,-,-
7139,NICE,s,0.035,0.035,-,-,"2,505","70,426",0.035,0.04,"20,601",0.04,0.035
7215,NIHSIN,s,0.3,0.3,-,-,"13,705","2,563",0.3,0.305,"5,901",0.315,0.3
83,NOTION,s,0.66,0.675,-0.015,-2.22,"29,069",781,0.66,0.665,"2,019",0.685,0.655
5047,NPC,s,-,2,-,-,-,21,1.64,2,120,-,-
2038,NSOP,s,-,3.25,-,-,-,50,3.26,3.47,10,-,-
5066,NTPM,s,0.505,0.505,-,-,380,100,0.505,0.51,"1,050",0.505,0.505
5025,NWP,s,0.07,0.07,-,-,"2,220","10,216",0.065,0.07,124,0.07,0.07
4944,NYLEX,s,-,0.68,-,-,-,70,0.67,0.68,200,-,-
5533,OCB,s,-,0.35,-,-,-,10,0.355,0.5,313,-,-
172,OCK,s,0.595,0.6,-0.005,-0.83,"6,277","1,393",0.59,0.595,838,0.6,0.59
49,OCNCASH,s,0.44,0.45,-0.01,-2.22,520,30,0.44,0.445,400,0.44,0.435
7071,OCR,s,0.26,0.265,-0.005,-1.89,"4,651","3,484",0.255,0.26,"1,039",0.265,0.26
7107,OFI,s,0.8,0.72,0.08,11.11,"8,268",153,0.795,0.8,300,0.83,0.78
5827,OIB,s,-,2.05,-,-,-,30,2.05,2.3,151,-,-
7140,OKA,s,0.645,0.635,0.01,1.57,561,600,0.635,0.645,"1,080",0.645,0.635
3018,OLYMPIA,s,0.105,0.105,-,-,"2,310","3,690",0.105,0.11,"8,024",0.105,0.105
9008,OMESTI,s,0.385,0.39,-0.005,-1.28,100,"1,150",0.38,0.385,650,0.385,0.385
4006,ORIENT,s,6.75,6.82,-0.07,-1.03,440,22,6.75,6.77,34,6.79,6.75
5065,ORNA,s,1.04,1.05,-0.01,-0.95,20,430,1.03,1.06,30,1.04,1.04
5053,OSK,s,0.98,0.985,-0.005,-0.51,938,161,0.97,0.985,170,0.985,0.97
5260,OWG,s,0.67,0.695,-0.025,-3.6,"3,593",222,0.67,0.68,20,0.685,0.67
6009,P%26O,s,1,1,-,-,"1,000",92,1,1.01,500,1,1
7225,PA,s,0.055,0.06,-0.005,-8.33,"3,175","122,119",0.055,0.06,"3,200",0.06,0.055
7052,PADINI,s,3.46,3.55,-0.09,-2.54,"2,823",197,3.46,3.47,490,3.55,3.45
3719,PANAMY,s,38.1,38.1,-,-,2,2,38.1,38.3,3,38.1,38.1
8419,PANSAR,s,0.88,0.88,-,-,"11,681",518,0.865,0.88,772,0.88,0.875
5125,PANTECH,s,0.54,0.55,-0.01,-1.82,"9,038","1,569",0.535,0.54,196,0.555,0.535
5022,PAOS,s,-,0.32,-,-,-,101,0.315,0.34,150,-,-
9407,PARAGON,s,-,0.275,-,-,-,20,0.27,0.295,40,-,-
1724,PARAMON,s,2.2,2.2,-,-,520,112,2.15,2.2,123,2.2,2.2
5657,PARKSON,s,0.235,0.235,-,-,"9,287","11,500",0.23,0.235,"4,066",0.235,0.23
6912,PASDEC,s,-,0.415,-,-,-,100,0.4,0.415,100,-,-
5212,PAVREIT,s,1.72,1.75,-0.03,-1.71,174,29,1.73,1.74,224,1.74,1.72
5041,PBA,s,-,1.25,-,-,-,146,1.24,1.25,29,-,-
1295,PBBANK,s,24.96,25,-0.04,-0.16,"40,713","2,836",24.96,24.98,"1,275",25,24.9
6068,PCCS,s,0.225,0.215,0.01,4.65,978,19,0.22,0.225,369,0.225,0.215
5183,PCHEM,s,9.01,9.05,-0.04,-0.44,"13,317","1,050",9.01,9.02,252,9.1,9
6254,PDZ,s,0.035,0.03,0.005,16.67,"3,050","1,970",0.035,0.04,"70,723",0.035,0.035
5622,PEB,s,-,0.825,-,-,-,50,0.82,0.83,100,-,-
5271,PECCA,s,0.93,0.945,-0.015,-1.59,399,157,0.925,0.93,30,0.95,0.925
5231,PELIKAN,s,0.35,0.4,-0.05,-12.5,"4,541",50,0.35,0.355,100,0.39,0.34
5133,PENERGY,s,-,0.42,-,-,-,200,0.415,0.425,150,-,-
9997,PENSONI,s,-,0.39,-,-,-,200,0.385,0.405,265,-,-
7160,PENTA,s,3.3,3.35,-0.05,-1.49,"4,294",339,3.3,3.31,50,3.34,3.27
7108,PERDANA,s,0.29,0.265,0.025,9.43,"178,318","3,652",0.285,0.29,"9,752",0.295,0.27
47,PERISAI,Ss,-,0.005,-,-,-,-,-,-,-,-,-
7080,PERMAJU,s,0.4,0.405,-0.005,-1.24,"91,431",961,0.4,0.405,"3,416",0.41,0.395
5436,PERSTIM,s,4.89,4.84,0.05,1.03,2,10,4.89,5.1,21,4.89,4.89
8311,PESONA,s,0.24,0.24,-,-,"4,971","6,136",0.24,0.245,"7,211",0.245,0.24
5219,PESTECH,s,1.19,1.21,-0.02,-1.65,234,480,1.19,1.2,204,1.22,1.19
5681,PETDAG,s,-,27.18,-,-,-,6,26.8,27.2,25,-,-
6033,PETGAS,s,18.22,18.2,0.02,0.11,299,28,18.2,18.24,232,18.3,18.1
3042,PETRONM,s,6.89,7.49,-0.6,-8.01,"9,655",130,6.89,6.9,3,6.95,6.8
3611,PGLOBE,s,-,1.07,-,-,-,20,1,1.15,61,-,-
7081,PHARMA,s,2.55,2.76,-0.21,-7.61,"7,076",139,2.55,2.6,939,2.7,2.55
4464,PHB,s,-,0.02,-,-,-,"4,500",0.02,0.025,"127,544",-,-
7201,PICORP,s,0.12,0.125,-0.005,-4,"2,182",228,0.12,0.125,"2,887",0.12,0.12
7095,PIE,s,1.59,1.63,-0.04,-2.45,"1,108",23,1.59,1.6,157,1.62,1.58
1902,PINEPAC,s,0.335,0.335,-,-,140,"1,000",0.33,0.34,65,0.335,0.335
7163,PJBUMI,s,0.22,0.2,0.02,10,175,200,0.2,0.22,159,0.22,0.185
7055,PLB,s,-,1.26,-,-,-,12,1.18,1.25,11,-,-
5075,PLENITU,s,-,1.48,-,-,-,100,1.49,1.52,30,-,-
9695,PLS,s,-,0.9,-,-,-,41,0.85,1.1,100,-,-
7172,PMBTECH,s,3.19,3.2,-0.01,-0.31,965,267,3.19,3.2,250,3.22,3.19
4081,PMCORP,s,0.145,0.145,-,-,530,"1,973",0.145,0.15,"4,222",0.145,0.145
8869,PMETAL,s,4.21,4.28,-0.07,-1.64,"3,142",79,4.21,4.22,724,4.32,4.21
1287,PMHLDG,s,0.055,0.06,-0.005,-8.33,"3,617","27,877",0.055,0.06,"7,333",0.06,0.055
6637,PNEPCB,s,-,0.505,-,-,-,50,0.505,0.535,85,-,-
5080,POHKONG,s,-,0.5,-,-,-,18,0.495,0.52,170,-,-
7088,POHUAT,s,1.58,1.6,-0.02,-1.25,610,82,1.58,1.59,206,1.59,1.58
8117,POLY,s,-,0.42,-,-,-,200,0.415,0.48,50,-,-
4634,POS,s,2.15,2.17,-0.02,-0.92,"3,522",10,2.15,2.16,24,2.17,2.13
4065,PPB,s,18.76,18.98,-0.22,-1.16,771,33,18.7,18.76,11,18.98,18.76
7190,PPG,s,-,0.4,-,-,-,100,0.375,0.4,49,-,-
8273,PPHB,s,0.565,0.57,-0.005,-0.88,"1,298",3,0.565,0.57,80,0.58,0.565
5204,PRESBHD,s,0.445,0.435,0.01,2.3,"49,536","3,564",0.44,0.445,"7,451",0.445,0.435
9873,PRESTAR,s,0.62,0.58,0.04,6.9,"2,536",5,0.615,0.62,92,0.62,0.585
7168,PRG,s,0.75,0.75,-,-,400,"1,280",0.74,0.745,100,0.75,0.75
8346,PRKCORP,s,0.44,0.435,0.005,1.15,121,100,0.42,0.43,200,0.44,0.44
8966,PRLEXUS,s,0.575,0.6,-0.025,-4.17,186,24,0.575,0.59,60,0.595,0.575
5070,PRTASCO,s,0.27,0.275,-0.005,-1.82,"21,187","3,702",0.265,0.27,220,0.28,0.27
7145,PSIPTEK,s,0.14,0.14,-,-,"4,051","1,321",0.135,0.14,"9,884",0.14,0.135
9598,PTARAS,s,2.25,2.28,-0.03,-1.32,50,40,2.26,2.35,10,2.29,2.25
186,PTRANS,s,0.245,0.25,-0.005,-2,"52,241","50,703",0.24,0.245,"12,902",0.25,0.24
6807,PUNCAK,s,0.405,0.42,-0.015,-3.57,"1,988","1,130",0.4,0.405,300,0.42,0.4
7134,PWF,s,0.905,0.895,0.01,1.12,665,100,0.87,0.905,60,0.905,0.85
7123,PWORTH,s,0.05,0.045,0.005,11.11,"157,695","76,629",0.045,0.05,"293,176",0.05,0.04
7237,PWROOT,s,1.47,1.48,-0.01,-0.68,274,650,1.45,1.47,100,1.47,1.47
7084,QL,s,6.86,6.9,-0.04,-0.58,358,25,6.86,6.9,72,6.93,6.85
7544,QUALITY,s,-,0.815,-,-,-,25,0.75,0.92,20,-,-
7498,RALCO,s,-,0.19,-,-,-,200,0.23,0.28,200,-,-
5272,RANHILL,s,1.33,1.4,-0.07,-5,"4,159",279,1.33,1.34,198,1.4,1.33
7765,RAPID,s,5.77,5.83,-0.06,-1.03,"5,140",9,5.74,5.82,7,5.82,5.75
9296,RCECAP,s,1.62,1.63,-0.01,-0.61,793,530,1.61,1.62,222,1.63,1.62
5256,REACH,s,0.325,0.335,-0.01,-2.98,"37,684","3,095",0.325,0.33,"5,525",0.335,0.32
7232,RESINTC,s,0.325,0.325,-,-,97,3,0.325,0.34,50,0.325,0.325
9946,REX,s,-,0.415,-,-,-,155,0.365,0.405,100,-,-
37,RGB,s,0.235,0.24,-0.005,-2.08,"20,994","20,928",0.235,0.24,"2,095",0.245,0.235
9954,RGTBHD,s,0.22,0.22,-,-,"26,589","7,363",0.215,0.22,"2,193",0.225,0.215
1066,RHBBANK,s,5.58,5.57,0.01,0.18,"5,892",672,5.56,5.58,841,5.6,5.56
5278,RHONEMA,s,0.77,0.735,0.035,4.76,2,50,0.735,0.765,60,0.77,0.77
9741,ROHAS,s,0.64,0.64,-,-,"4,835","3,647",0.635,0.64,429,0.645,0.635
5113,RSAWIT,s,0.21,0.205,0.005,2.44,"3,776","11,000",0.205,0.21,223,0.21,0.195
5270,RSENA,Ss,-,0.505,-,-,-,-,-,-,-,-,-
7803,RUBEREX,s,0.465,0.465,-,-,210,187,0.465,0.475,208,0.47,0.465
2542,RVIEW,s,3.05,3.05,-,-,155,30,3.06,3.1,50,3.05,3.05
5134,SAB,s,-,3.78,-,-,-,10,3.74,3.89,20,-,-
8567,SALCON,s,0.245,0.25,-0.005,-2,"3,678","6,620",0.24,0.25,"3,365",0.255,0.245
183,SALUTE,s,0.41,0.42,-0.01,-2.38,"1,784",305,0.41,0.415,746,0.42,0.41
9822,SAM,s,7.75,7.69,0.06,0.78,226,30,7.73,7.75,4,7.77,7.73
5147,SAMCHEM,s,0.655,0.665,-0.01,-1.5,"2,371",577,0.655,0.66,970,0.66,0.65
9113,SANBUMI,s,0.34,0.34,-,-,"9,887","4,046",0.34,0.345,"2,521",0.345,0.335
7811,SAPIND,s,-,0.76,-,-,-,30,0.705,0.755,80,-,-
5218,SAPNRG,s,0.315,0.325,-0.01,-3.08,"550,780","207,028",0.315,0.32,"224,297",0.33,0.315
4596,SAPRES,s,-,0.66,-,-,-,90,0.66,0.69,13,-,-
5252,SASBADI,s,0.22,0.225,-0.005,-2.22,"2,035","14,606",0.22,0.225,"11,168",0.225,0.22
5157,SAUDEE,s,-,0.31,-,-,-,309,0.305,0.32,300,-,-
2569,SBAGAN,s,-,3,-,-,-,30,2.98,3.06,20,-,-
5207,SBCCORP,s,0.5,0.51,-0.01,-1.96,153,51,0.5,0.505,50,0.505,0.495
5170,SCABLE,s,0.275,0.28,-0.005,-1.79,"1,300",750,0.27,0.275,315,0.28,0.275
7247,SCGM,s,1.24,1.2,0.04,3.33,665,1,1.23,1.24,45,1.24,1.22
9237,SCIB,s,0.485,0.485,-,-,20,160,0.485,0.5,100,0.485,0.485
99,SCICOM,s,1.32,1.32,-,-,80,152,1.32,1.34,115,1.33,1.32
4731,SCIENTX,s,8.84,8.85,-0.01,-0.11,590,8,8.83,8.84,7,8.85,8.8
7239,SCNWOLF,s,-,0.15,-,-,-,500,0.15,0.16,499,-,-
7158,SCOMI,s,0.045,0.05,-0.005,-10,"8,979","79,505",0.04,0.045,"5,455",0.045,0.04
7045,SCOMIES,s,0.05,0.055,-0.005,-9.09,"7,563","54,625",0.045,0.05,280,0.05,0.05
2224,SDRED,s,0.665,0.66,0.005,0.76,300,"2,200",0.66,0.675,100,0.665,0.66
7073,SEACERA,s,0.36,0.355,0.005,1.41,"280,769","16,519",0.355,0.36,"23,624",0.375,0.35
4286,SEAL,s,0.35,0.365,-0.015,-4.11,110,291,0.35,0.38,50,0.355,0.35
5145,SEALINK,s,0.12,0.125,-0.005,-4,300,100,0.12,0.125,351,0.12,0.12
5163,SEB,s,-,0.255,-,-,-,630,0.255,0.345,5,-,-
7053,SEEHUP,s,-,0.92,-,-,-,77,0.91,-,-,-,-
9792,SEG,s,-,0.64,-,-,-,450,0.635,0.64,"1,912",-,-
5250,SEM,s,1.45,1.45,-,-,445,141,1.44,1.45,605,1.45,1.44
5205,SENDAI,s,0.58,0.595,-0.015,-2.52,"16,623","6,150",0.58,0.585,"1,380",0.595,0.58
5279,SERBADK,s,3.96,3.98,-0.02,-0.5,"1,022",260,3.95,3.97,229,3.99,3.93
7180,SERNKOU,s,0.56,0.555,0.005,0.9,"1,360",50,0.54,0.56,213,0.56,0.56
7165,SGB,s,-,0.7,-,-,-,50,0.67,0.75,37,-,-
5517,SHANG,s,5.61,5.6,0.01,0.18,701,20,5.56,5.61,139,5.61,5.56
4316,SHCHAN,s,-,0.4,-,-,-,100,0.32,0.435,24,-,-
7412,SHH,s,-,0.5,-,-,-,50,0.495,0.515,30,-,-
6017,SHL,s,-,2.35,-,-,-,84,2.31,2.38,20,-,-
5181,SIGGAS,s,0.85,0.865,-0.015,-1.73,554,230,0.85,0.86,296,0.86,0.85
7246,SIGN,s,0.355,0.36,-0.005,-1.39,975,25,0.355,0.36,308,0.355,0.35
4197,SIME,s,2.26,2.29,-0.03,-1.31,"23,426",413,2.26,2.27,374,2.31,2.24
5285,SIMEPLT,s,5.22,5.27,-0.05,-0.95,"2,320",95,5.21,5.22,50,5.32,5.22
5288,SIMEPROP,s,1.12,1.17,-0.05,-4.27,"1,916",515,1.12,1.13,307,1.17,1.12
8532,SINOTOP,s,-,0.3,-,-,-,"1,000",0.285,0.3,685,-,-
9431,SJC,s,-,0.65,-,-,-,51,0.58,0.645,50,-,-
7115,SKBSHUT,s,-,0.5,-,-,-,69,0.48,0.6,40,-,-
7155,SKPRES,s,1.36,1.36,-,-,"6,452",483,1.36,1.37,"1,424",1.36,1.35
7248,SLP,s,1.3,1.31,-0.01,-0.76,605,180,1.29,1.31,847,1.32,1.29
9776,SMCAP,s,0.18,0.185,-0.005,-2.7,"29,755","3,950",0.175,0.18,100,0.19,0.18
4375,SMI,s,-,0.18,-,-,-,200,0.165,0.175,500,-,-
7132,SMISCOR,s,-,0.48,-,-,-,200,0.42,0.48,119,-,-
7943,SNC,s,-,0.28,-,-,-,20,0.26,0.28,59,-,-
5213,SNTORIA,s,-,0.45,-,-,-,100,0.385,0.44,100,-,-
5242,SOLID,s,-,0.305,-,-,-,300,0.29,0.305,72,-,-
5126,SOP,s,-,2.62,-,-,-,80,2.62,2.7,31,-,-
1783,SPB,s,6.22,6.22,-,-,465,"1,223",6.22,6.23,223,6.22,6.22
7103,SPRITZER,s,2.14,2.14,-,-,33,23,2.1,2.15,50,2.14,2.14
8664,SPSETIA,s,2.55,2.55,-,-,"3,967",846,2.54,2.55,"1,357",2.55,2.54
5665,SSTEEL,s,0.805,0.83,-0.025,-3.01,"1,976",117,0.805,0.81,167,0.825,0.8
6084,STAR,s,0.785,0.795,-0.01,-1.26,649,120,0.785,0.79,130,0.79,0.765
7143,STONE,s,0.1,0.11,-0.01,-9.09,400,105,0.1,0.11,490,0.1,0.1
6904,SUBUR,s,0.53,0.53,-,-,2,198,0.53,0.61,1,0.53,0.53
7207,SUCCESS,s,0.555,0.57,-0.015,-2.63,"4,509",477,0.555,0.56,188,0.585,0.555
9865,SUIWAH,s,2.68,2.68,-,-,60,130,2.67,2.7,50,2.68,2.67
1201,SUMATEC,s,0.01,0.01,-,-,"7,230","3,177,632",0.005,0.01,"553,894",0.01,0.01
5263,SUNCON,s,1.74,1.77,-0.03,-1.7,"2,211",520,1.74,1.75,445,1.77,1.73
5176,SUNREIT,s,1.78,1.77,0.01,0.56,"1,119","3,401",1.77,1.78,263,1.79,1.77
3743,SUNSURIA,s,0.66,0.665,-0.005,-0.75,20,1,0.645,0.66,130,0.66,0.66
5211,SUNWAY,s,1.65,1.68,-0.03,-1.79,"6,929","1,342",1.65,1.66,"1,215",1.67,1.65
7235,SUPERLN,s,1.32,1.35,-0.03,-2.22,"1,071",263,1.31,1.32,2,1.34,1.32
7106,SUPERMX,s,1.61,1.67,-0.06,-3.59,"42,278","6,467",1.61,1.62,"4,890",1.67,1.6
6521,SURIA,s,-,1.49,-,-,-,114,1.43,1.48,666,-,-
5135,SWKPLNT,s,-,1.51,-,-,-,150,1.52,1.58,80,-,-
7186,SWSCAP,s,0.665,0.665,-,-,50,100,0.66,0.675,79,0.665,0.665
9717,SYCAL,s,0.225,0.235,-0.01,-4.25,"1,000",685,0.225,0.23,300,0.225,0.225
7082,SYF,s,0.23,0.23,-,-,400,140,0.23,0.235,"1,153",0.23,0.23
1538,SYMLIFE,s,0.39,0.4,-0.01,-2.5,583,"1,267",0.39,0.4,822,0.4,0.39
5173,SYSCORP,s,0.295,0.295,-,-,50,724,0.285,0.295,859,0.295,0.295
7228,T7GLOBAL,s,0.435,0.445,-0.01,-2.25,"1,885","1,160",0.43,0.435,272,0.445,0.435
4898,TA,s,0.655,0.66,-0.005,-0.76,855,16,0.655,0.66,"1,161",0.66,0.655
5012,TAANN,s,2.55,2.56,-0.01,-0.39,307,30,2.52,2.54,131,2.56,2.55
4022,TADMAX,s,0.25,0.255,-0.005,-1.96,"3,590","3,450",0.245,0.25,318,0.25,0.245
7211,TAFI,s,-,0.29,-,-,-,100,0.265,0.33,90,-,-
5158,TAGB,s,0.27,0.28,-0.01,-3.57,"3,616",724,0.27,0.275,"5,020",0.275,0.27
6139,TAKAFUL,s,4.55,4.45,0.1,2.25,"7,948",51,4.55,4.56,208,4.58,4.41
2259,TALAMT,s,0.03,0.03,-,-,"26,710","364,616",0.03,0.035,"11,544",0.035,0.03
8524,TALIWRK,s,0.89,0.91,-0.02,-2.2,"4,595",58,0.89,0.9,59,0.91,0.885
5191,TAMBUN,s,0.79,0.785,0.005,0.64,405,360,0.78,0.79,165,0.79,0.78
2429,TANCO,s,0.06,0.06,-,-,"63,294","108,172",0.055,0.06,"8,306",0.065,0.06
5149,TAS,s,0.275,0.295,-0.02,-6.78,808,104,0.275,0.295,389,0.275,0.27
5140,TASCO,s,1.31,1.36,-0.05,-3.68,"1,376",165,1.31,1.33,10,1.33,1.28
4448,TASEK,s,4.62,4.63,-0.01,-0.22,100,30,4.63,4.67,50,4.7,4.62
7097,TAWIN,s,0.43,0.445,-0.015,-3.37,170,11,0.425,0.43,10,0.445,0.43
4405,TCHONG,s,1.44,1.45,-0.01,-0.69,100,30,1.44,1.45,170,1.44,1.42
2054,TDM,s,0.205,0.21,-0.005,-2.38,"12,005","8,819",0.2,0.205,100,0.205,0.2
7439,TECGUAN,s,-,0.82,-,-,-,30,0.795,0.88,30,-,-
5289,TECHBND,s,0.855,0.88,-0.025,-2.84,"21,410",365,0.85,0.855,"1,056",0.865,0.83
7200,TEKSENG,s,0.255,0.255,-,-,960,610,0.25,0.255,190,0.255,0.25
5347,TENAGA,s,13.34,13.5,-0.16,-1.19,"7,611",53,13.34,13.36,78,13.48,13.32
7252,TEOSENG,s,1.34,1.24,0.1,8.06,"24,387",399,1.32,1.34,510,1.34,1.24
8702,TEXCHEM,s,0.63,0.63,-,-,360,51,0.625,0.65,230,0.65,0.63
9369,TGL,s,-,0.96,-,-,-,30,0.94,1.05,30,-,-
7034,TGUAN,s,2.36,2.37,-0.01,-0.42,361,180,2.35,2.36,10,2.38,2.36
9075,THETA,s,0.405,0.39,0.015,3.85,"1,750",450,0.395,0.41,300,0.405,0.39
7206,THHEAVY,s,0.04,0.045,-0.005,-11.11,"8,161","43,726",0.04,0.045,"37,595",0.045,0.04
5112,THPLANT,s,0.6,0.615,-0.015,-2.44,"1,060",50,0.575,0.61,41,0.615,0.6
7889,THRIVEN,s,0.22,0.225,-0.005,-2.22,"1,094","1,056",0.22,0.225,"1,290",0.225,0.22
7374,TIENWAH,s,-,1.15,-,-,-,70,1.13,1.19,35,-,-
7079,TIGER,s,0.075,0.08,-0.005,-6.25,"1,840","124,935",0.075,0.08,"77,348",0.08,0.075
5031,TIMECOM,s,8.23,8.25,-0.02,-0.24,"5,102",29,8.2,8.24,46,8.25,8.23
7854,TIMWELL,s,-,0.66,-,-,-,50,0.52,0.66,720,-,-
5239,TITIJYA,s,0.325,0.34,-0.015,-4.41,"2,808","2,116",0.325,0.33,481,0.34,0.325
4863,TM,s,3.1,3.09,0.01,0.32,"25,906",459,3.09,3.11,"1,477",3.12,3.06
101,TMCLIFE,s,0.73,0.73,-,-,36,"3,013",0.725,0.73,504,0.73,0.73
8397,TNLOGIS,s,0.645,0.655,-0.01,-1.53,"3,770",370,0.64,0.645,261,0.66,0.645
7218,TOCEAN,s,0.84,0.85,-0.01,-1.18,3,30,0.795,0.85,80,0.84,0.84
7230,TOMEI,s,-,0.56,-,-,-,200,0.54,0.57,100,-,-
7285,TOMYPAK,s,0.6,0.605,-0.005,-0.83,530,591,0.6,0.605,400,0.6,0.6
5010,TONGHER,s,4.07,4.1,-0.03,-0.73,53,531,4.07,4.1,20,4.07,4.07
7113,TOPGLOV,s,4.84,5.1,-0.26,-5.1,"139,157","1,508",4.83,4.84,"4,637",5.11,4.83
7173,TOYOINK,s,0.655,0.65,0.005,0.77,250,150,0.645,0.655,372,0.655,0.655
7176,TPC,s,0.43,0.435,-0.005,-1.15,"3,240",300,0.43,0.45,687,0.43,0.42
5054,TRC,s,0.56,0.565,-0.005,-0.89,"64,680","50,798",0.555,0.56,"2,479",0.57,0.555
118,TRIVE,s,0.02,0.02,-,-,"10,021","357,310",0.015,0.02,"495,268",0.02,0.015
5401,TROP,s,0.87,0.88,-0.01,-1.14,668,95,0.87,0.875,763,0.87,0.87
9059,TSH,s,1.11,1.12,-0.01,-0.89,519,171,1.11,1.12,365,1.11,1.1
5042,TSRCAP,s,0.4,0.4,-,-,50,70,0.39,0.45,50,0.4,0.4
5230,TUNEPRO,s,0.665,0.685,-0.02,-2.92,"3,723","1,373",0.665,0.67,136,0.68,0.665
5167,TURBO,s,0.735,0.73,0.005,0.69,300,30,0.705,0.735,31,0.735,0.73
4359,TURIYA,s,-,0.155,-,-,-,"1,413",0.145,0.155,100,-,-
5111,TWRREIT,s,-,0.9,-,-,-,50,0.9,0.92,20,-,-
7100,UCHITEC,s,2.75,2.81,-0.06,-2.13,374,377,2.75,2.76,235,2.79,2.75
5148,UEMS,s,0.845,0.87,-0.025,-2.87,"7,920",197,0.845,0.85,773,0.855,0.835
7133,ULICORP,s,0.56,0.565,-0.005,-0.89,870,100,0.56,0.565,90,0.57,0.56
2593,UMCCA,s,5.5,5.55,-0.05,-0.9,217,31,5.5,5.55,50,5.55,5.45
7137,UMS,s,-,2.49,-,-,-,97,2.47,2.58,9,-,-
7227,UMSNGB,s,-,1.05,-,-,-,50,0.97,1.06,34,-,-
4588,UMW,s,5.86,5.87,-0.01,-0.17,"2,840",13,5.86,5.87,47,5.93,5.83
7091,UNIMECH,s,1.02,1.02,-,-,208,42,1.02,1.03,100,1.02,1.02
5005,UNISEM,s,-,3.1,-,-,-,2,3.08,3.1,51,-,-
5200,UOADEV,s,2.33,2.34,-0.01,-0.43,201,1,2.33,2.34,1,2.35,2.27
5110,UOAREIT,s,1.34,1.34,-,-,110,40,1.33,1.34,96,1.34,1.34
7757,UPA,s,2.14,2.13,0.01,0.47,40,70,2.13,2.15,40,2.14,2.13
2089,UTDPLT,s,26.8,26.98,-0.18,-0.67,102,10,26.6,26.8,8,26.9,26.8
5754,UTUSAN,s,0.22,0.215,0.005,2.33,840,280,0.215,0.22,185,0.23,0.215
7250,UZMA,s,0.885,0.905,-0.02,-2.21,"5,775",284,0.885,0.89,326,0.905,0.88
5243,VELESTO,s,0.235,0.24,-0.005,-2.08,"53,981","45,821",0.23,0.235,"20,341",0.24,0.23
4995,VERSATL,s,0.425,0.43,-0.005,-1.16,50,550,0.405,0.43,80,0.425,0.425
7240,VERTICE,s,-,0.9,-,-,-,25,0.885,0.9,498,-,-
97,VITROX,s,6.82,6.95,-0.13,-1.87,643,53,6.82,6.86,38,6.95,6.8
7070,VIZIONE,s,1.02,1.04,-0.02,-1.92,"4,394",423,1.01,1.02,842,1.04,1.01
6963,VS,s,0.99,1.02,-0.03,-2.94,"356,569","9,582",0.985,0.99,"6,383",1.03,0.975
5162,VSTECS,s,1,1,-,-,"8,221",340,0.995,1.01,"1,903",1.03,0.995
7203,WANGZNG,s,1.13,1.17,-0.04,-3.42,20,230,1.13,1.18,20,1.13,1.13
5016,WARISAN,s,2.18,2.18,-,-,11,90,2.18,2.2,36,2.18,2.1
5142,WASEONG,s,0.865,0.9,-0.035,-3.89,"2,901",19,0.865,0.88,153,0.895,0.85
7226,WATTA,s,0.84,0.85,-0.01,-1.18,140,200,0.84,0.85,"1,580",0.84,0.84
3565,WCEHB,s,0.555,0.54,0.015,2.78,"1,370","2,100",0.545,0.555,110,0.555,0.54
9679,WCT,s,0.89,0.905,-0.015,-1.66,"12,500","1,050",0.885,0.89,653,0.905,0.875
7231,WELLCAL,s,1.26,1.26,-,-,71,40,1.26,1.27,50,1.26,1.26
7692,WIDETEC,s,-,0.58,-,-,-,100,0.54,0.58,100,-,-
8,WILLOW,s,0.495,0.505,-0.01,-1.98,"1,515",106,0.495,0.5,447,0.505,0.495
6378,WMG,s,0.12,0.125,-0.005,-4,766,234,0.12,0.125,12,0.125,0.12
7050,WONG,s,0.58,0.58,-,-,635,100,0.575,0.605,120,0.59,0.58
7025,WOODLAN,s,0.65,0.57,0.08,14.04,49,42,0.57,0.65,66,0.65,0.63
5246,WPRTS,s,-,3.89,-,-,-,24,3.83,3.89,102,-,-
5009,WTHORSE,s,1.33,1.34,-0.01,-0.75,"1,095",15,1.32,1.34,100,1.33,1.32
4243,WTK,s,0.505,0.51,-0.005,-0.98,"4,080","2,721",0.5,0.505,304,0.505,0.505
7245,WZSATU,s,0.36,0.37,-0.01,-2.7,"3,623",150,0.36,0.365,367,0.37,0.36
5156,XDL,s,0.12,0.115,0.005,4.35,"229,007","86,532",0.115,0.12,"3,682",0.12,0.115
7121,XIANLNG,s,-,0.465,-,-,-,100,0.435,0.46,700,-,-
5267,XINHWA,s,0.83,0.79,0.04,5.06,"7,634",127,0.825,0.83,"1,900",0.835,0.8
5155,XINQUAN,Ss,-,0.055,-,-,-,-,-,-,-,-,-
7003,Y%26G,s,-,0.91,-,-,-,-,-,0.995,7,-,-
5584,YEELEE,s,1.85,1.88,-0.03,-1.6,100,66,1.84,1.85,11,1.86,1.85
7122,YFG,Ss,-,0.005,-,-,-,-,-,-,-,-,-
5048,YILAI,s,-,0.585,-,-,-,10,0.59,0.64,157,-,-
7293,YINSON,s,4.27,4.27,-,-,"2,098","1,195",4.26,4.27,"3,181",4.3,4.26
7020,YKGI,s,0.115,0.12,-0.005,-4.17,"6,370","6,730",0.11,0.115,90,0.12,0.115
7014,YLI,s,0.3,0.27,0.03,11.11,674,31,0.285,0.3,10,0.3,0.265
3158,YNHPROP,s,1.24,1.25,-0.01,-0.8,1,449,1.24,1.25,275,1.24,1.24
5159,YOCB,s,1.06,1.07,-0.01,-0.94,10,164,1.06,1.07,70,1.06,1.06
7066,YONGTAI,s,0.37,0.38,-0.01,-2.63,"35,141","4,510",0.365,0.37,"5,541",0.38,0.365
7178,YSPSAH,s,-,2.88,-,-,-,3,2.85,2.9,130,-,-
4677,YTL,s,1.15,1.16,-0.01,-0.86,"5,411","1,662",1.14,1.15,"1,508",1.16,1.13
2577,YTLLAND,s,-,0.405,-,-,-,"2,000",0.4,0.415,100,-,-
6742,YTLPOWR,s,0.91,0.93,-0.02,-2.15,"19,581",671,0.91,0.915,692,0.935,0.905
5109,YTLREIT,s,1.28,1.29,-0.01,-0.78,"1,234","2,099",1.28,1.29,"1,058",1.29,1.28
7028,ZECON,s,0.25,0.25,-,-,300,330,0.245,0.25,50,0.255,0.25
2283,ZELAN,s,0.065,0.06,0.005,8.33,"7,232",171,0.06,0.065,"20,060",0.065,0.06
5131,ZHULIAN,s,1.36,1.37,-0.01,-0.73,305,261,1.35,1.37,277,1.36,1.35
